BookNumber,Chapter,VerseNum,VerseText
28,14,9,"Quem é sábio, que entenda estas coisas; quem for perspicaz, que os conheça. Porque os caminhos do SENHOR são retos, e os justos andam neles mas os rebeldes tropeçam neles."
10,24,25,"E ali ele construiu um altar ao SENHOR e ofereceu holocaustos e ofertas pacíficas. Então o SENHOR atendeu às orações em favor da terra, e a praga sobre Israel foi interrompida."
45,16,27,"ao único e sábio Deus, por meio de Jesus Cristo, seja a glória para sempre! Amém.†"
63,1,13,"Os filhos de sua irmã eleita enviam saudações.†"
39,4,6,"E ele converterá o coração dos pais aos filhos, e o coração dos filhos aos pais.†  Caso contrário, virei e ferirei a terra com uma maldição."
60,5,14,"Saúdem uns aos outros com um beijo amoroso. Paz a todos vocês que estão em Cristo.†"
66,22,21,"A graça do Senhor Jesus†  esteja com todos os santos.‡ Amém!§"
42,24,53,"louvando a Deus continuamente no templo."
58,13,25,"A graça esteja com todos vocês.†"
33,7,20,"Mostrarás fidelidade a Jacó e amorosa devoção a Abraão, como juraste aos nossos pais dos tempos antigos."
48,6,18,"A graça de nosso Senhor Jesus Cristo esteja com o espírito de vocês, irmãos. Amém."
54,6,21,"que alguns professaram e assim se desviaram da fé. A graça esteja com vocês.†"
13,29,30,"juntamente com todos os detalhes de seu reinado, seu poder, e as circunstâncias que vieram sobre ele e Israel e todos os reinos das terras."
20,31,31,"Dai-lhe o fruto de suas mãos. e que suas obras a louvem nas portas."
44,28,31,"Com ousadia e liberdade, ele proclamou o reino de Deus e ensinou sobre o Senhor Jesus Cristo."
26,48,35,"O perímetro da cidade será de 18.000 côvados.†  e a partir desse dia o nome da cidade será:O SENHOR ESTÁ LÁ.‡ ”"
9,31,13,"Em seguida, pegaram seus ossos e os enterraram debaixo da tamargueira em Jabes, e jejuaram por sete dias."
50,4,23,"A graça do Senhor Jesus Cristo esteja com o espírito de vocês.†"
35,3,19,"Deus, o Senhor, é a minha força; Ele faz os meus pés como os da corça; Ele me faz andar sobre as alturas! Para o mestre de coro. Com instrumentos de cordas."
51,4,18,"Esta saudação é de meu próprio punho — Paulo. Lembre-se das minhas algemas. A graça esteja com vocês.†"
2,40,38,"Pois a nuvem do SENHOR estava sobre o tabernáculo de dia, e o fogo estava na nuvem de noite, à vista de toda a casa de Israel em todas as suas jornadas."
37,2,23,"Naquele dia, declara o SENHOR dos Exércitos, Eu te levarei, Meu servo, Zorobabel filho de Sealtiel declara o SENHOR e farei de você como o Meu anel de sinete, pois eu escolhi você, declara o SENHOR dos Exércitos."
49,6,24,"Graça a todos os que amam nosso Senhor Jesus Cristo com um amor eterno."
16,13,31,"Também providenciei contribuições de madeira nos tempos designados e para as primícias. Lembra-te de mim, ó meu Deus, com favor."
38,14,21,"De fato, todas as panelas em Jerusalém e Judá serão santas ao SENHOR dos Exércitos, e todos os que sacrificarem virão e pegarão algumas panelas e cozinharão nelas. E naquele dia não haverá mais cananeu.†  na casa do SENHOR dos Exércitos."
11,22,53,"Acazias serviu e adorou Baal, provocando a ira do SENHOR, o Deus de Israel, assim como seu pai havia feito."
21,12,14,"Pois Deus trará a julgamento todas as obras, inclusive tudo o que está oculto, seja bom ou mau."
18,42,17,"E assim Jó morreu, velho e cheio de dias."
65,1,25,"ao único Deus, nosso Salvador, sejam glória, majestade, domínio e autoridade, por meio de Jesus Cristo, nosso Senhor, antes de todos os tempos, agora e por toda a eternidade. Amém."
52,5,28,"A graça de nosso Senhor Jesus Cristo esteja com vocês.†"
46,16,24,"Meu amor esteja com todos vocês em Cristo Jesus. Amém.†"
5,34,12,"e nenhum profeta que realizou todos os atos poderosos e feitos impressionantes†  que Moisés fez à vista de todo o Israel."
12,25,30,"E o rei providenciou a Jeconias uma porção diária para o resto de sua vida."
41,16,20,"E saíram e pregavam por toda parte, e o Senhor operava por meio deles, confirmando a Sua palavra, por meio dos sinais que a acompanhavam.]†"
6,24,33,"Eleazar, filho de Arão, também morreu, e o sepultaram em Gibeá, que havia sido dada a seu filho Fineias na região montanhosa de Efraim."
29,3,21,"Pois eu vingarei o sangue deles, que ainda não vinguei.† ”Pois o SENHOR habita em Sião."
55,4,22,"O Senhor esteja com o seu espírito. A graça esteja com vocês.†"
56,3,15,"Todos os que estão comigo enviam saudações a você. Saúdem aqueles que nos amam na fé. A graça esteja com todos vocês.†"
4,36,13,"Estes são os mandamentos e ordenanças que o SENHOR deu aos israelitas por meio de Moisés nas planícies de Moabe, junto ao Jordão, em frente a Jericó."
25,5,22,"a menos que Tu nos tenhas rejeitado completamente e permanecer zangado conosco além da conta."
8,4,22,"Obede foi o pai de Jessé,e Jessé foi o pai de Davi."
17,10,3,"Pois Mordecai, o judeu, era o segundo depois do rei Xerxes, preeminente entre os judeus e muito favorecido por seus muitos parentes, buscando o bem de seu povo e falando paz a todos os seus compatriotas."
3,27,34,"Estes são os mandamentos que o SENHOR deu a Moisés para os israelitas no Monte Sinai."
23,66,24,"“Ao saírem, eles verão os cadáveres dos homens que se rebelaram contra Mim; pois o seu verme nunca morrerá, seu fogo nunca será apagado† e eles serão um horror a toda a humanidade."
24,52,34,"E o rei da Babilônia providenciou a Jeoaquim uma porção diária pelo resto de sua vida, até o dia de sua morte."
57,1,25,"A graça do Senhor Jesus Cristo esteja com o espírito de vocês.†"
27,12,13,"Mas quanto a você, siga o seu caminho até o fim. Você descansará, e então se levantará para a sua herança no fim dos dias."
30,9,15,"Eu os plantarei firmemente em sua própria terra. nunca mais ser desarraigado da terra que lhes dei,diz o SENHOR, seu Deus."
61,3,18,"Mas cresçam na graça e no conhecimento de nosso Senhor e Salvador Jesus Cristo. A Ele seja a glória, tanto agora como no dia eterno. Amém.†"
59,5,20,"considere isto: Quem resgata um pecador do erro do seu caminho salvará sua alma da morte, e cobrirá uma multidão de pecados."
62,5,21,"Filhinhos, guardem-se dos ídolos.†"
7,21,25,"Naqueles dias não havia rei em Israel; cada um fazia o que achava certo aos seus próprios olhos."
19,150,6,"Todo ser que respira louve ao SENHOR! Aleluia!"
47,13,14,"A graça do Senhor Jesus Cristo, o amor de Deus e a comunhão do Espírito Santo estejam com todos vocês.†"
1,50,26,"José morreu aos 110 anos. E eles embalsamaram seu corpo e o colocaram em um caixão no Egito."
53,3,18,"A graça de nosso Senhor Jesus Cristo esteja com todos vocês.†"
14,36,23,"“Assim diz Ciro, rei da Pérsia: ‘O SENHOR, o Deus do céu, que me deu todos os reinos da terra, me designou para construir uma casa para Ele em Jerusalém, em Judá. Quem dentre vocês pertence ao Seu povo, que o SENHOR, seu Deus, esteja com ele, e que ele suba."
32,4,11,"Então, não deveria eu ter compaixão da grande cidade de Nínive, na qual há mais de 120.000 pessoas que não sabem distinguir entre a mão direita e a esquerda, e também muitos animais?"
64,1,14,"Em vez disso, espero vê-lo em breve e conversar pessoalmente com você.† A paz esteja com você. Os amigos daqui te mandam saudações. Cumprimente cada um de nossos amigos, nome por nome."
31,1,21,"Os entregadores ascenderão†  Monte Sião governar sobre as montanhas de Esaú. E o reino pertencerá ao SENHOR."
40,28,20,"ensinando-os a obedecer a tudo o que eu lhes ordenei. E certamente estou com vocês sempre, até o fim dos tempos."
22,8,14,"Venha comigo, meu amado, e seja como uma gazela ou um jovem cervo nas montanhas de especiarias."
36,3,20,"Naquele momento eu os trarei para dentro; sim, naquele momento eu vou reunir vocês. Pois eu te darei fama e louvor entre todos os povos da terra quando eu restaurar seus cativos† diante dos seus próprios olhos,diz o SENHOR."
15,10,44,"Todos esses homens haviam se casado com mulheres estrangeiras, e alguns deles tinham filhos com essas esposas.†"
43,21,25,"Há muitas outras coisas que Jesus fez. Se todas elas fossem escritas, suponho que nem mesmo o mundo inteiro teria espaço para os livros que seriam escritos."
34,3,19,"Não há cura para o seu ferimento; seu ferimento é grave. Todos que ouvirem as notícias sobre você aplaudir sua queda para quem não experimentou sua crueldade constante?"
