BookNumber,Chapter,VerseNum,VerseText
28,14,9,"Whoever is wise, let him understand these things; whoever is discerning, let him know them. For the ways of the LORD are right, and the righteous walk in them but the rebellious stumble in them."
10,24,25,"And there he built an altar to the LORD and offered burnt offerings and peace offerings. Then the LORD answered the prayers on behalf of the land, and the plague upon Israel was halted."
45,16,27,"to the only wise God be glory forever through Jesus Christ! Amen.†"
63,1,13,"The children of your elect sister send you greetings.†"
39,4,6,"And he will turn the hearts of the fathers to their children, and the hearts of the children to their fathers.† Otherwise, I will come and strike the land with a curse.”"
60,5,14,"Greet one another with a kiss of love. Peace to all of you who are in Christ.†"
66,22,21,"The grace of the Lord Jesus† be with all the saints.‡ Amen.§"
42,24,53,"praising God continually in the temple."
58,13,25,"Grace be with all of you.†"
7,21,25,"In those days there was no king in Israel; everyone did what was right in his own eyes."
33,7,20,"You will show faithfulness to Jacob and loving devotion to Abraham, as You swore to our fathers from the days of old."
48,6,18,"The grace of our Lord Jesus Christ be with your spirit, brothers. Amen."
54,6,21,"which some have professed and thus swerved away from the faith. Grace be with you all.†"
13,29,30,"together with all the details of his reign, his might, and the circumstances that came upon him and Israel and all the kingdoms of the lands."
20,31,31,"Give her the fruit of her hands, and let her works praise her at the gates."
44,28,31,"Boldly and freely he proclaimed the kingdom of God and taught about the Lord Jesus Christ."
1,50,26,"So Joseph died at the age of 110. And they embalmed his body and placed it in a coffin in Egypt."
26,48,35,"The perimeter of the city will be 18,000 cubits,† and from that day on the name of the city will be: THE LORD IS THERE.‡ ”"
50,4,23,"The grace of the Lord Jesus Christ be with your spirit.†"
35,3,19,"GOD the Lord is my strength; He makes my feet like those of a deer; He makes me walk upon the heights! For the choirmaster. With stringed instruments."
51,4,18,"This greeting is in my own hand—Paul. Remember my chains. Grace be with you.†"
37,2,23,"On that day, declares the LORD of Hosts, I will take you, My servant, Zerubbabel son of Shealtiel, declares the LORD, and I will make you like My signet ring, for I have chosen you, declares the LORD of Hosts.”"
49,6,24,"Grace to all who love our Lord Jesus Christ with an undying love."
16,13,31,"I also arranged for contributions of wood at the appointed times, and for the firstfruits. Remember me, O my God, with favor."
4,36,13,"These are the commandments and ordinances that the LORD gave the Israelites through Moses on the plains of Moab by the Jordan across from Jericho."
38,14,21,"Indeed, every pot in Jerusalem and Judah will be holy to the LORD of Hosts, and all who sacrifice will come and take some pots and cook in them. And on that day there will no longer be a Canaanite† in the house of the LORD of Hosts."
11,22,53,"Ahaziah served and worshiped Baal, provoking the LORD, the God of Israel, to anger, just as his father had done."
8,4,22,"Obed was the father of Jesse, and Jesse was the father of David."
3,27,34,"These are the commandments that the LORD gave to Moses for the Israelites on Mount Sinai."
21,12,14,"For God will bring every deed into judgment, along with every hidden thing, whether good or evil."
18,42,17,"And so Job died, old and full of years."
65,1,25,"to the only God our Savior be glory, majesty, dominion, and authority through Jesus Christ our Lord before all time, and now, and for all eternity. Amen."
52,5,28,"The grace of our Lord Jesus Christ be with you.†"
46,16,24,"My love be with all of you in Christ Jesus. Amen.†"
12,25,30,"And the king provided Jehoiachin a daily portion for the rest of his life."
41,16,20,"And they went out and preached everywhere, and the Lord worked through them, confirming His word by the signs that accompanied it."
29,3,21,"For I will avenge their blood, which I have not yet avenged.† ” For the LORD dwells in Zion."
55,4,22,"The Lord be with your spirit. Grace be with you all.†"
56,3,15,"All who are with me send you greetings. Greet those who love us in the faith. Grace be with all of you.†"
25,5,22,"unless You have utterly rejected us and remain angry with us beyond measure."
17,10,3,"For Mordecai the Jew was second only to King Xerxes, preeminent among the Jews and highly favored by his many kinsmen, seeking the good of his people and speaking peace to all his countrymen."
5,34,12,"and no prophet who performed all the mighty acts of power and awesome deeds† that Moses did in the sight of all Israel."
6,24,33,"Eleazar son of Aaron also died, and they buried him at Gibeah, which had been given to his son Phinehas in the hill country of Ephraim."
23,66,24,"“As they go forth, they will see the corpses of the men who have rebelled against Me; for their worm will never die, their fire will never be quenched,† and they will be a horror to all mankind.”"
24,52,34,"And the king of Babylon provided Jehoiachin a daily portion for the rest of his life, until the day of his death."
57,1,25,"The grace of the Lord Jesus Christ be with your spirit.†"
2,40,38,"For the cloud of the LORD was over the tabernacle by day, and fire was in the cloud by night, in the sight of all the house of Israel through all their journeys."
9,31,13,"Then they took their bones and buried them under the tamarisk tree in Jabesh, and they fasted seven days."
27,12,13,"But as for you, go on your way until the end. You will rest, and then you will arise to your inheritance at the end of the days.”"
30,9,15,"I will firmly plant them in their own land, never again to be uprooted from the land that I have given them,” says the LORD your God."
61,3,18,"But grow in the grace and knowledge of our Lord and Savior Jesus Christ. To Him be the glory both now and to the day of eternity. Amen.†"
59,5,20,"consider this: Whoever turns a sinner from the error of his way will save his soul from death and cover over a multitude of sins."
62,5,21,"Little children, keep yourselves from idols.†"
19,150,6,"Let everything that has breath praise the LORD! Hallelujah!"
47,13,14,"The grace of the Lord Jesus Christ, and the love of God, and the fellowship of the Holy Spirit be with all of you.†"
53,3,18,"The grace of our Lord Jesus Christ be with all of you.†"
14,36,23,"“This is what Cyrus king of Persia says: ‘The LORD, the God of heaven, who has given me all the kingdoms of the earth, has appointed me to build a house for Him at Jerusalem in Judah. Whoever among you belongs to His people, may the LORD his God be with him, and may he go up.’”"
32,4,11,"So should I not care about the great city of Nineveh, which has more than 120,000 people who cannot tell their right hand from their left, and many cattle as well?”"
64,1,14,"Instead, I hope to see you soon and speak with you face to face.† Peace to you. The friends here send you greetings. Greet each of our friends there by name."
31,1,21,"The deliverers will ascend† Mount Zion to rule over the mountains of Esau. And the kingdom will belong to the LORD."
40,28,20,"and teaching them to obey all that I have commanded you. And surely I am with you always, even to the end of the age.”"
22,8,14,"Come away, my beloved, and be like a gazelle or a young stag on the mountains of spices."
36,3,20,"At that time I will bring you in; yes, at that time I will gather you. For I will give you fame and praise among all the peoples of the earth when I restore your captives† before your very eyes,” says the LORD."
15,10,44,"All these men had married foreign women, and some of them had children by these wives.†"
43,21,25,"There are many more things that Jesus did. If all of them were written down, I suppose that not even the world itself would have space for the books that would be written."
34,3,19,"There is no healing for your injury; your wound is severe. All who hear the news of you applaud your downfall, for who has not experienced your constant cruelty?"
